{
    "AUTO_ATTACK_CORDS": {
        "adrian_senthia_a1": null,
        "adrian_senthia_c3": null,
        "plechito_ramadan2023_dungeon": null,
        "senthia_update_natura": null
    },
    "DEWS_LIST": [
        [
            71044,
            "60",
            0
        ],
        [
            71045,
            "60",
            0
        ],
        [
            71030,
            "60",
            0
        ],
        [
            71027,
            "60",
            0
        ],
        [
            71028,
            "60",
            0
        ],
        [
            71029,
            "60",
            0
        ],
        [
            50825,
            "60",
            0
        ],
        [
            50821,
            "60",
            0
        ],
        [
            50822,
            "60",
            0
        ],
        [
            50823,
            "60",
            0
        ],
        [
            50824,
            "60",
            0
        ],
        [
            50817,
            "60",
            0
        ],
        [
            50813,
            "60",
            0
        ],
        [
            50814,
            "60",
            0
        ],
        [
            50818,
            "60",
            0
        ]
    ],
    "FARMBOT_LIST": null,
    "FARMBOT_PATH": {
        "adrian_senthia_a1": null,
        "adrian_senthia_c3": null,
        "plechito_ramadan2023_dungeon": null,
        "senthia_update_natura": [
            [
                127567.632812,
                74250.4296875
            ]
        ]
    },
    "FARMBOT_PRIORITY": [
        0,
        1,
        2
    ],
    "GM_LIST": null,
    "ITEMS_TO_SELL": null,
    "KEYBOARD_CLICKER": [
        [
            0,
            "600",
            null
        ],
        [
            0,
            "600",
            null
        ],
        [
            0,
            "600",
            null
        ],
        [
            0,
            "600",
            null
        ],
        [
            0,
            "600",
            null
        ],
        [
            0,
            "600",
            null
        ],
        [
            0,
            "600",
            null
        ],
        [
            0,
            "600",
            null
        ],
        [
            0,
            "600",
            null
        ],
        [
            0,
            "600",
            null
        ]
    ],
    "OTHER_DETECTOR_LIST": null,
    "PICKUP_LIST": null,
    "PLAYER_LIST": null,
    "QUEST_LIST": [
        [
            "SendChatPacket",
            [
                "/regen_warp 33 8038 558"
            ],
            11.13719029999993,
            "senthia_update_natura"
        ],
        [
            "SendChatPacket",
            [
                "/regen_warp 34 8038 558"
            ],
            21.53151909999997,
            "senthia_update_natura"
        ],
        [
            "SendChatPacket",
            [
                "/regen_warp 35 8038 558"
            ],
            33.561254799999915,
            "senthia_update_natura"
        ],
        [
            "SendChatPacket",
            [
                "/regen_warp 36 8038 558"
            ],
            45.04581569999982,
            "senthia_update_natura"
        ],
        [
            "SendChatPacket",
            [
                "/regen_warp 37 8038 558"
            ],
            55.47296389999974,
            "senthia_update_natura"
        ],
        [
            "SendChatPacket",
            [
                "/regen_warp 38 8038 558"
            ],
            66.27959749999991,
            "senthia_update_natura"
        ],
        [
            "SendChatPacket",
            [
                "/regen_warp 39 8038 558"
            ],
            77.4181509,
            "senthia_update_natura"
        ],
        [
            "SendChatPacket",
            [
                "/regen_warp 40 8038 558"
            ],
            88.42267469999979,
            "senthia_update_natura"
        ],
        [
            "SendChatPacket",
            [
                "/regen_warp 31 8038 558"
            ],
            100.96288019999974,
            "senthia_update_natura"
        ],
        [
            "SendChatPacket",
            [
                "/regen_warp 21 3590 558"
            ],
            112.84335549999969,
            "senthia_update_natura"
        ],
        [
            "SendChatPacket",
            [
                "/regen_warp 22 3590 558"
            ],
            120.43376049999961,
            "senthia_update_natura"
        ],
        [
            "SendChatPacket",
            [
                "/regen_warp 23 3590 558"
            ],
            132.42817639999976,
            "senthia_update_natura"
        ],
        [
            "SendChatPacket",
            [
                "/get_player_lang Michu90"
            ],
            135.88083589999997,
            "senthia_update_natura"
        ],
        [
            "SendChatPacket",
            [
                "/regen_warp 24 3590 558"
            ],
            142.27806109999983,
            "senthia_update_natura"
        ],
        [
            "SendChatPacket",
            [
                "/regen_warp 25 3590 558"
            ],
            151.5692423999999,
            "senthia_update_natura"
        ],
        [
            "SendChatPacket",
            [
                "/regen_warp 26 3590 558"
            ],
            160.4786766999996,
            "senthia_update_natura"
        ],
        [
            "SendChatPacket",
            [
                "/regen_warp 27 3590 558"
            ],
            168.6295012999999,
            "senthia_update_natura"
        ],
        [
            "SendChatPacket",
            [
                "/regen_warp 28 3590 558"
            ],
            180.88939289999962,
            "senthia_update_natura"
        ],
        [
            "SendChatPacket",
            [
                "/regen_warp 29 3590 558"
            ],
            189.78321549999964,
            "senthia_update_natura"
        ],
        [
            "SendChatPacket",
            [
                "/regen_warp 30 3590 558"
            ],
            199.6985480999997,
            "senthia_update_natura"
        ]
    ],
    "SAVED_POS": {
        "0": [
            0,
            0,
            "0"
        ],
        "1": [
            0,
            0,
            "1"
        ],
        "10": [
            0,
            0,
            "10"
        ],
        "11": [
            0,
            0,
            "11"
        ],
        "12": [
            0,
            0,
            "12"
        ],
        "13": [
            0,
            0,
            "13"
        ],
        "14": [
            0,
            0,
            "14"
        ],
        "2": [
            0,
            0,
            "2"
        ],
        "3": [
            0,
            0,
            "3"
        ],
        "4": [
            0,
            0,
            "4"
        ],
        "5": [
            0,
            0,
            "5"
        ],
        "6": [
            0,
            0,
            "6"
        ],
        "7": [
            0,
            0,
            "7"
        ],
        "8": [
            0,
            0,
            "8"
        ],
        "9": [
            0,
            0,
            "9"
        ]
    },
    "WAITHACK_LIST": null,
    "buttons": {
        "Ataknacel": 0,
        "Ataknacel2": 0,
        "Ataknacel3": 0,